"Anchorage				"
"Barrow					"
"Bethel					"
"Cantwell				"
"Cooper Landing			"
"Copper Center			"
"Cordova					"
"Delta Junction			"
"Denali National Park	"
"Dillingham				"
"Ester					"
"Fairbanks				"
"Girdwood				"
"Glennallen				"
"Gustavus				"
"Haines					"
"Healy					"
"Homer					"
"Juneau					"
"Kenai					"
"Ketchikan				"
"Kodiak					"
"Kotzebue				"
"Nome					"
"North Pole				"
"Palmer					"
"Petersburg				"
"Seward					"
"Sitka					"
"Soldotna				"
"Trapper Creek			"
"Unalaska				"
"Valdez					"
Wasilla
Other
