"Apache Junction		"
"Avondale			"
"Benson				"
"Big Park			"
"Bisbee				"
"Buckeye				"
"Bullhead City		"
"Camp Verde			"
"Carefree			"
"Casa Grande			"
"Casas Adobes		"
"Catalina			"
"Cave Creek			"
"Chandler			"
"Chinle				"
"Chino Valley		"
"Coolidge			"
"Corona de Tucson	"
"Cottonwood			"
"Douglas				"
"Drexel Heights		"
"Dudleyville			"
"El Mirage			"
"Elgin				"
"Eloy				"
"Flagstaff			"
"Florence			"
"Flowing Wells		"
"Fort Defiance		"
"Fortuna Foothills	"
"Fountain Hills		"
"Gilbert				"
"Glendale			"
"Globe				"
"Gold Canyon			"
"Goodyear			"
"Green Valley		"
"Holbrook			"
"Jerome				"
"Kayenta				"
"Kingman				"
"Lake Havasu City	"
"Litchfield Park		"
"Mammoth				"
"Marana				"
"Mesa				"
"Mohave Valley		"
"New Kingman-Butler	"
"New River			"
"Nogales				"
"Oro Valley			"
"Page				"
"Paradise Valley		"
"Payson				"
"Peoria				"
"Phoenix				"
"Prescott			"
"Prescott Valley		"
"Queen Creek			"
"Queen Valley		"
"Rio Verde			"
"Safford				"
"Saint Johns			"
"San Luis			"
"San Manuel			"
"Scottsdale			"
"Sedona				"
"Show Low			"
"Sierra Vista		"
"Snowflake			"
"Somerton			"
"Sonoita				"
"Sun City			"
"Sun City West		"
"Sun Lakes			"
"Superior			"
"Surprise			"
"Tanque Verde		"
"Tempe				"
"Thatcher			"
"Tolleson			"
"Tortolita			"
"Tuba City			"
"Tubac				"
"Tucson				"
"Wickenburg			"
"Wikieup				"
"Williamson			"
"Winslow				"
"Youngtown			"
"Yuma		"
