"Adelanto								"
"Alameda									"
"Alamo									"
"Albany									"
"Alhambra								"
"Alpine									"
"Altadena								"
"Anaheim									"
"Anderson								"
"Antioch									"
"Apple Valley							"
"Aptos									"
"Arcadia									"
"Arcata									"
"Arroyo Grande							"
"Artesia									"
"Arvin									"
"Atascadero								"
"Atherton								"
"Atwater									"
"Auburn									"
"Avenal									"
"Azusa									"
"Bakersfield								"
"Baldwin Park							"
"Banning									"
"Barstow									"
"Beaumont								"
"Bell									"
"Bell Gardens							"
"Bellflower								"
"Belmont									"
"Ben Lomond								"
"Benicia									"
"Berkeley								"
"Beverly Hills							"
"Big Bear City							"
"Big Bear Lake							"
"Bloomington								"
"Blythe									"
"Bonita									"
"Boulder Creek							"
"Boyes Hot Springs						"
"Brawley									"
"Brea									"
"Brentwood								"
"Buena Park								"
"Burbank									"
"Burlingame								"
"Calexico								"
"California City							"
"Calimesa								"
"Calipatria								"
"Calistoga								"
"Camarillo								"
"Cambria									"
"Campbell								"
"Canyon Lake								"
"Capitola								"
"Carlsbad								"
"Carmichael								"
"Carpinteria								"
"Carson									"
"Castro Valley							"
"Castroville								"
"Cathedral City							"
"Ceres									"
"Cerritos								"
"Chico									"
"Chino									"
"Chino Hills								"
"Chowchilla								"
"Chula Vista								"
"Citrus Heights							"
"Claremont								"
"Clayton									"
"Clearlake								"
"Cloverdale								"
"Clovis									"
"Coachella								"
"Coalinga								"
"Colton									"
"Colusa									"
"Compton									"
"Concord									"
"Corcoran								"
"Corning									"
"Corona									"
"Coronado								"
"Corte Madera							"
"Costa Mesa								"
"Cotati									"
"Covina									"
"Crescent City							"
"Crestline								"
"Culver City								"
"Cupertino								"
"Cutler									"
"Cypress									"
"Daly City								"
"Dana Point								"
"Danville								"
"Davis									"
"Del Mar									"
"Delano									"
"Desert Hot Springs						"
"Diamond Bar								"
"Dinuba									"
"Dixon									"
"Dos Palos								"
"Downey									"
"Duarte									"
"Dublin									"
"Durham									"
"Earlimart								"
"El Cajon								"
"El Centro								"
"El Cerrito								"
"El Granada								"
"El Monte								"
"El Segundo								"
"El Sobrante								"
"Elk Grove								"
"Emeryville								"
"Encinitas								"
"Escalon									"
"Escondido								"
"Eureka									"
"Exeter									"
"Fair Oaks								"
"Fairfax									"
"Fairfield								"
"Fallbrook								"
"Farmersville							"
"Felton									"
"Fillmore								"
"Firebaugh								"
"Folsom									"
"Fontana									"
"Fort Bragg								"
"Fortuna									"
"Foster City								"
"Fountain Valley							"
"Fowler									"
"Freedom									"
"Fremont									"
"Fresno									"
"Fullerton								"
"Galt									"
"Garden Grove							"
"Gardena									"
"Gilroy									"
"Glendale								"
"Glendora								"
"Gonzales								"
"Grand Terrace							"
"Grass Valley							"
"Greenfield								"
"Gridley									"
"Grover Beach							"
"Guadalupe								"
"Gustine									"
"Hacienda Heights						"
"Half Moon Bay							"
"Hanford									"
"Hawaiian Gardens						"
"Hawthorne								"
"Hayward									"
"Healdsburg								"
"Hemet									"
"Hercules								"
"Hermosa Beach							"
"Hesperia								"
"Highland								"
"Hollister								"
"Holtville								"
"Huntington Beach						"
"Huntington Park							"
"Huron									"
"Imperial								"
"Imperial Beach							"
"Indio									"
"Inglewood								"
"Ione									"
"Irvine									"
"Kentfield								"
"Kerman									"
"King City								"
"Kingsburg								"
"La Habra								"
"La Mesa									"
"La Mirada								"
"La Palma								"
"La Puente								"
"La Quinta								"
"La Verne								"
"Lafayette								"
"Laguna Beach							"
"Laguna Hills							"
"Laguna Niguel							"
"Lake Arrowhead							"
"Lake Elsinore							"
"Lake Forest								"
"Lakeport								"
"Lakeside								"
"Lakewood								"
"Lamont									"
"Lancaster								"
"Larkspur								"
"Lathrop									"
"Lawndale								"
"Lemon Grove								"
"Lemoore									"
"Lennox									"
"Lincoln									"
"Lindsay									"
"Live Oak								"
"Livermore								"
"Livingston								"
"Lodi									"
"Loma Linda								"
"Lomita									"
"Lompoc									"
"Long Beach								"
"Loomis									"
"Los Alamitos							"
"Los Altos								"
"Los Angeles								"
"Los Banos								"
"Los Gatos								"
"Lynwood									"
"Madera									"
"Magalia									"
"Malibu									"
"Mammoth Lakes							"
"Manhattan Beach							"
"Manteca									"
"Marina									"
"Martinez								"
"Marysville								"
"Maywood									"
"McFarland								"
"McKinleyville							"
"Mendota									"
"Menlo Park								"
"Mentone									"
"Merced									"
"Mill Valley								"
"Millbrae								"
"Milpitas								"
"Mira Loma								"
"Mission Viejo							"
"Modesto									"
"Monrovia								"
"Montclair								"
"Montebello								"
"Monterey								"
"Monterey Park							"
"Moorpark								"
"Moraga									"
"Moreno Valley							"
"Morgan Hill								"
"Morro Bay								"
"Mountain View							"
"Murrieta								"
"Napa									"
"National City							"
"Needles									"
"Newark									"
"Newman									"
"Newport Beach							"
"Nipomo									"
"Norco									"
"North Highlands							"
"Norwalk									"
"Novato									"
"Oakdale									"
"Oakland									"
"Oakley									"
"Oceano									"
"Oceanside								"
"Ojai									"
"Olivehurst								"
"Ontario									"
"Orange									"
"Orange Cove								"
"Orangevale								"
"Orinda									"
"Orland									"
"Oroville								"
"Oxnard									"
"Pacific Grove							"
"Pacifica								"
"Palermo									"
"Palm Desert								"
"Palm Springs							"
"Palmdale								"
"Palo Alto								"
"Paradise								"
"Paramount								"
"Parlier									"
"Pasadena								"
"Paso Robles								"
"Patterson								"
"Perris									"
"Petaluma								"
"Pico Rivera								"
"Piedmont								"
"Pinole									"
"Pismo Beach								"
"Pittsburg								"
"Placentia								"
"Placerville								"
"Pleasant Hill							"
"Pleasanton								"
"Pollock Pines							"
"Pomona									"
"Port Hueneme							"
"Porterville								"
"Portola Valley							"
"Poway									"
"Quartz Hill								"
"Ramona									"
"Rancho Cordova							"
"Rancho Cucamonga						"
"Rancho Mirage							"
"Rancho Palos Verdes						"
"Red Bluff								"
"Redding									"
"Redlands								"
"Redondo Beach							"
"Redwood City							"
"Reedley									"
"Rialto									"
"Richmond								"
"Ridgecrest								"
"Rio Linda								"
"Ripon									"
"Riverbank								"
"Riverside								"
"Rocklin									"
"Rodeo									"
"Rohnert Park							"
"Rosamond								"
"Rosemead								"
"Roseville								"
"Rowland Heights							"
"Rubidoux								"
"Running Springs							"
"Sacramento								"
"Saint Helena							"
"Salida									"
"Salinas									"
"San Anselmo								"
"San Bernardino							"
"San Bruno								"
"San Carlos								"
"San Clemente							"
"San Diego								"
"San Dimas								"
"San Fernando							"
"San Francisco							"
"San Gabriel								"
"San Jacinto								"
"San Jose								"
"San Juan Capistrano						"
"San Leandro								"
"San Lorenzo								"
"San Luis Obispo							"
"San Marcos								"
"San Marino								"
"San Mateo								"
"San Pablo								"
"San Rafael								"
"San Ramon								"
"Sanger									"
"Santa Ana								"
"Santa Barbara							"
"Santa Clara								"
"Santa Clarita							"
"Santa Cruz								"
"Santa Fe Springs						"
"Santa Maria								"
"Santa Monica							"
"Santa Paula								"
"Santa Rosa								"
"Santa Ynez								"
"Santee									"
"Saratoga								"
"Sausalito								"
"Scotts Valley							"
"Seal Beach								"
"Seaside									"
"Sebastopol								"
"Selma									"
"Shafter									"
"Sierra Madre							"
"Simi Valley								"
"Solana Beach							"
"Soledad									"
"Solvang									"
"Sonoma									"
"Sonora									"
"Soquel									"
"South El Monte							"
"South Gate								"
"South Lake Tahoe						"
"South Pasadena							"
"South San Francisco						"
"Spring Valley							"
"Stanton									"
"Stockton								"
"Suisun City								"
"Sun City								"
"Sunnyvale								"
"Susanville								"
"Taft									"
"Tehachapi								"
"Temecula								"
"Temple City								"
"Thousand Oaks							"
"Thousand Palms							"
"Tiburon									"
"Torrance								"
"Tracy									"
"Truckee									"
"Tulare									"
"Turlock									"
"Tustin									"
"Twentynine Palms						"
"Ukiah									"
"Union City								"
"Upland									"
"Vacaville								"
"Vallejo									"
"Ventura									"
"Victorville								"
"Visalia									"
"Vista									"
"Walnut									"
"Walnut Creek							"
"Wasco									"
"Waterford								"
"Watsonville								"
"West Covina								"
"West Sacramento							"
"Westlake Village						"
"Westminster								"
"Whittier								"
"Wildomar								"
"Willits									"
"Willows									"
"Windsor									"
"Winters									"
"Winton									"
"Woodlake								"
"Woodland								"
"Yorba Linda								"
"Yreka									"
"Yuba City								"
"Yucaipa									"
"Yucca Valley							"
