"Alachua						"
"Altamonte Springs			"
"Apopka						"
"Arcadia						"
"Atlantic Beach				"
"Auburndale					"
"Aventura					"
"Avon Park					"
"Bartow						"
"Bay Pines					"
"Belle Glade					"
"Boca Raton					"
"Bonita Springs				"
"Boynton Beach				"
"Bradenton					"
"Brandon						"
"Brooksville					"
"Cape Canaveral				"
"Cape Coral					"
"Casselberry					"
"Chattahoochee				"
"Chipley						"
"Clearwater					"
"Clermont					"
"Clewiston					"
"Cocoa						"
"Cocoa Beach					"
"Coconut Creek				"
"Cooper City					"
"Coral Gables				"
"Coral Springs				"
"Cortez						"
"Crestview					"
"Crystal River				"
"Dade City					"
"Dania						"
"Davie						"
"Daytona Beach				"
"De Land						"
"DeBary						"
"Deerfield Beach				"
"Delray Beach				"
"Deltona						"
"Destin						"
"Dunedin						"
"East Lake					"
"Edgewater					"
"Elfers						"
"Eustis						"
"Fern Park					"
"Fernandina Beach			"
"Flagler Beach				"
"Florida City				"
"Fort Lauderdale				"
"Fort Meade					"
"Fort Myers					"
"Fort Myers Beach			"
"Fort Pierce					"
"Fort Walton Beach			"
"Fountainbleau				"
"Gainesville					"
"Gibsonton					"
"Goldenrod					"
"Gonzalez					"
"Greater Carrollwood			"
"Green Cove Springs			"
"Greenacres City				"
"Gulf Breeze					"
"Haines City					"
"Hallandale					"
"Hialeah						"
"Hobe Sound					"
"Holiday						"
"Holly Hill					"
"Hollywood					"
"Holmes Beach				"
"Homestead					"
"Homosassa Springs			"
"Hudson						"
"Immokalee					"
"Indian Rocks Beach			"
"Indiantown					"
"Inverness					"
"Jacksonville Beach			"
"Jensen Beach				"
"Jupiter						"
"Kendale Lakes				"
"Kendall						"
"Key Biscayne				"
"Key West					"
"Kissimmee					"
"Lady Lake					"
"Lake City					"
"Lake Magdalene				"
"Lake Mary					"
"Lake Park					"
"Lake Wales					"
"Lake Worth					"
"Lakeland					"
"Lantana						"
"Largo						"
"Lauderdale Lakes			"
"Lauderhill					"
"Laurel						"
"Leesburg					"
"Lehigh Acres				"
"Leisure City				"
"Live Oak					"
"Longboat Key				"
"Longwood					"
"Lutz						"
"Lynn Haven					"
"Macclenny					"
"Maitland					"
"Mango						"
"Marathon					"
"Margate						"
"Marianna					"
"Mary Esther					"
"Melbourne					"
"Miami						"
"Miami Beach					"
"Miami Gardens				"
"Miami Shores				"
"Miami Springs				"
"Middleburg					"
"Milton						"
"Mims						"
"Miramar						"
"Mount Dora					"
"Naples						"
"Neptune Beach				"
"New Port Richey				"
"New Smyrna Beach			"
"Niceville					"
"North Fort Myers			"
"North Lauderdale			"
"North Miami					"
"North Miami Beach			"
"North Palm Beach			"
"North Port					"
"Oakland Park				"
"Ocala						"
"Ocoee						"
"Okeechobee					"
"Oldsmar						"
"Olympia Heights				"
"Opa-Locka					"
"Orange City					"
"Orange Park					"
"Orlando						"
"Ormond Beach				"
"Oviedo						"
"Pace						"
"Pahokee						"
"Palatka						"
"Palm Bay					"
"Palm Beach					"
"Palm Beach Gardens			"
"Palm City					"
"Palm Coast					"
"Palm Harbor					"
"Palmetto					"
"Panama City					"
"Parkland					"
"Pembroke Pines				"
"Pensacola					"
"Perrine						"
"Perry						"
"Pinellas Park				"
"Plant City					"
"Plantation					"
"Pompano Beach				"
"Port Charlotte				"
"Port Orange					"
"Port Saint Joe				"
"Port Saint Lucie			"
"Port Salerno				"
"Princeton					"
"Punta Gorda					"
"Quincy						"
"Riverview					"
"Riviera Beach				"
"Rockledge					"
"Royal Palm Beach			"
"Ruskin						"
"Safety Harbor				"
"Saint Augustine				"
"Saint Cloud					"
"Saint Petersburg			"
"Sanford						"
"Sanibel						"
"Sarasota					"
"Satellite Beach				"
"Sebastian					"
"Sebring						"
"Seffner						"
"Seminole					"
"South Bay					"
"South Daytona				"
"South Fort Myers			"
"South Venice				"
"Spring Hill					"
"Starke						"
"Stuart						"
"Sunrise						"
"Surfside					"
"Tallahassee					"
"Tamarac						"
"Tamiami						"
"Tampa						"
"Tarpon Springs				"
"Tavares						"
"Temple Terrace				"
"Tequesta					"
"Titusville					"
"Town N Country				"
"Union Park					"
"University					"
"Valparaiso					"
"Venice						"
"Vero Beach					"
"West Melbourne				"
"West Palm Beach				"
"Westchester					"
"Weston						"
"Winter Garden				"
"Winter Haven				"
"Winter Park					"
"Winter Springs				"
"Yulee						"
"Zephyrhills					"
