"Acworth				"
"Adel				"
"Aiken				"
"Albany				"
"Alma				"
"Alpharetta			"
"Americus			"
"Appling				"
"Ashburn				"
"Athens				"
"Atlanta				"
"Augusta				"
"Austell				"
"Bainbridge			"
"Barnesville			"
"Belvedere Park		"
"Blackshear			"
"Blakely				"
"Bloomingdale		"
"Braselton			"
"Bremen				"
"Brunswick			"
"Buford				"
"Cairo				"
"Calhoun				"
"Camilla				"
"Canton				"
"Carrollton			"
"Cartersville		"
"Cedartown			"
"Chamblee			"
"Chatsworth			"
"Clarkston			"
"Cochran				"
"College Park		"
"Columbus			"
"Commerce			"
"Conley				"
"Conyers				"
"Cordele				"
"Cornelia			"
"Covington			"
"Cumming				"
"Dacula				"
"Dalton				"
"Dawson				"
"Decatur				"
"Doraville			"
"Douglas				"
"Douglasville		"
"Druid Hills			"
"Dublin				"
"Duluth				"
"Dunwoody			"
"East Point			"
"Eastman				"
"Eatonton			"
"Elberton			"
"Evans				"
"Fairburn			"
"Fayetteville		"
"Fitzgerald			"
"Forest Park			"
"Forsyth				"
"Fort Oglethorpe		"
"Fort Valley			"
"Gainesville			"
"Garden City			"
"Georgetown			"
"Greensboro			"
"Griffin				"
"Grovetown			"
"Harlem				"
"Hartwell			"
"Hazlehurst			"
"Hephzibah			"
"Hinesville			"
"Jackson				"
"Jesup				"
"Jonesboro			"
"Kennesaw			"
"Kingsland			"
"La Grange			"
"Lawrenceville		"
"Lilburn				"
"Lindale				"
"Lithia Springs		"
"Loganville			"
"Louisville			"
"Lyons				"
"Mableton			"
"Macon				"
"Manchester			"
"Marietta			"
"Martinez			"
"Metter				"
"Milledgeville		"
"Millen				"
"Monroe				"
"Montezuma			"
"Montgomery			"
"Morrow				"
"Moultrie			"
"Mountain Park		"
"Nashville			"
"Newnan				"
"Norcross			"
"North Augusta		"
"Panthersville		"
"Peachtree City		"
"Pelham				"
"Pembroke			"
"Perry				"
"Pooler				"
"Port Wentworth		"
"Powder Springs		"
"Quitman				"
"Redan				"
"Richmond Hill		"
"Rincon				"
"Riverdale			"
"Rome				"
"Roswell				"
"Saint Marys			"
"Sandersville		"
"Sandfly				"
"Sandy Springs		"
"Savannah			"
"Scottdale			"
"Skidaway Island		"
"Smyrna				"
"Snellville			"
"Statesboro			"
"Stockbridge			"
"Stone Mountain		"
"Sugar Hill			"
"Summerville			"
"Suwanee				"
"Swainsboro			"
"Sylvester			"
"Thomaston			"
"Thomasville			"
"Thomson				"
"Thunderbolt			"
"Tifton				"
"Toccoa				"
"Tucker				"
"Tybee Island		"
"Union City			"
"Valdosta			"
"Vidalia				"
"Villa Rica			"
"Warner Robins		"
"Warrenton			"
"Washington			"
"Waycross			"
"Waynesboro			"
"West Point			"
"Winder				"
"Woodstock			"
"Wrens				"
