"Alexandria						"
"Anderson						"
"Angola							"
"Auburn							"
"Aurora							"
"Austin							"
"Avon							"
"Batesville						"
"Bedford							"
"Beech Grove						"
"Bloomington						"
"Bluffton						"
"Boonville						"
"Brazil							"
"Bremen							"
"Brownsburg						"
"Carmel							"
"Cedar Lake						"
"Charlestown						"
"Chesterton						"
"Clarksville						"
"Clermont						"
"Clinton							"
"Columbia City					"
"Columbus						"
"Connersville					"
"Crawfordsville					"
"Crown Point						"
"Danville						"
"Decatur							"
"Dyer							"
"East Chicago					"
"Edinburgh						"
"Elkhart							"
"Elwood							"
"Evansville						"
"Fishers							"
"Fort Wayne						"
"Frankfort						"
"Franklin						"
"Garrett							"
"Gary							"
"Gas City						"
"Goshen							"
"Granger							"
"Greencastle						"
"Greenfield						"
"Greensburg						"
"Greenwood						"
"Griffith						"
"Hammond							"
"Hanover							"
"Hartford City					"
"Highland						"
"Hobart							"
"Huntertown						"
"Huntingburg						"
"Huntington						"
"Indianapolis					"
"Jasper							"
"Jeffersonville					"
"Kendallville					"
"Knox							"
"Kokomo							"
"La Porte						"
"Lafayette						"
"Lake Station					"
"Lawrenceburg					"
"Lebanon							"
"Leo-Cedarville					"
"Ligonier						"
"Linton							"
"Logansport						"
"Lowell							"
"Madison							"
"Marion							"
"Martinsville					"
"Merrillville					"
"Michigan City					"
"Mishawaka						"
"Mitchell						"
"Monticello						"
"Mooresville						"
"Mount Vernon					"
"Muncie							"
"Munster							"
"Nappanee						"
"New Albany						"
"New Castle						"
"New Haven						"
"Newburgh						"
"Noblesville						"
"North Liberty					"
"North Manchester				"
"North Vernon					"
"Paoli							"
"Pendleton						"
"Peru							"
"Plainfield						"
"Plymouth						"
"Portage							"
"Portland						"
"Princeton						"
"Rensselaer						"
"Richmond						"
"Rochester						"
"Roseland						"
"Rushville						"
"Saint John						"
"Salem							"
"Schererville					"
"Scottsburg						"
"Sellersburg						"
"Seymour							"
"Shelbyville						"
"South Bend						"
"Southport						"
"Speedway						"
"Sullivan						"
"Tell City						"
"Terre Haute						"
"Tipton							"
"Valparaiso						"
"Vincennes						"
"Wabash							"
"Walkerton						"
"Warsaw							"
"Washington						"
"West Lafayette					"
"West Newton						"
"Westfield						"
"Westville						"
"Whiteland						"
"Whiting							"
"Winchester						"
"Winona Lake						"
"Woodburn						"
"Yorktown						"
"Zionsville						"
