"Adair					"
"Albia					"
"Algona					"
"Altoona					"
"Amana					"
"Ames					"
"Anamosa					"
"Ankeny					"
"Atlantic				"
"Bettendorf				"
"Boone					"
"Brooklyn				"
"Burlington				"
"Camanche				"
"Carroll					"
"Carter Lake				"
"Cedar Falls				"
"Cedar Rapids			"
"Centerville				"
"Chariton				"
"Charles City			"
"Cherokee				"
"Clarinda				"
"Clear Lake				"
"Clinton					"
"Clive					"
"Coralville				"
"Council Bluffs			"
"Cresco					"
"Creston					"
"Davenport				"
"De Witt					"
"Decorah					"
"Denison					"
"Des Moines				"
"Dubuque					"
"Dyersville				"
"Eldridge				"
"Elk Horn				"
"Emmetsburg				"
"Estherville				"
"Evansdale				"
"Fairfield				"
"Fayette					"
"Forest City				"
"Fort Dodge				"
"Fort Madison			"
"Glenwood				"
"Grimes					"
"Grinnell				"
"Grundy Center			"
"Hampton					"
"Harlan					"
"Hiawatha				"
"Humboldt				"
"Independence			"
"Indianola				"
"Iowa City				"
"Iowa Falls				"
"Jefferson				"
"Johnston				"
"Keokuk					"
"Knoxville				"
"Le Claire				"
"Le Mars					"
"Manchester				"
"Maquoketa				"
"Marion					"
"Marshalltown			"
"Mason City				"
"Missouri Valley			"
"Mount Pleasant			"
"Muscatine				"
"Nevada					"
"New Hampton				"
"Newton					"
"Norwalk					"
"Oelwein					"
"Okoboji					"
"Onawa					"
"Orange City				"
"Osage					"
"Osceola					"
"Oskaloosa				"
"Ottumwa					"
"Pella					"
"Peosta					"
"Perry					"
"Red Oak					"
"Rock Valley				"
"Sergeant Bluff			"
"Sheldon					"
"Shenandoah				"
"Sibley					"
"Sioux Center			"
"Sioux City				"
"Spencer					"
"Spirit Lake				"
"Storm Lake				"
"Story City				"
"Stuart					"
"Toledo					"
"Urbana					"
"Urbandale				"
"Vinton					"
"Walcott					"
"Walnut					"
"Washington				"
"Waterloo				"
"Waukon					"
"Waverly					"
"Webster City			"
"West Des Moines			"
"West Liberty			"
"West Union				"
"Williams				"
"Williamsburg			"
"Winterset					"
