"Auburn						"
"Augusta						"
"Bangor						"
"Bar Harbor					"
"Bath						"
"Belfast						"
"Bethel						"
"Biddeford					"
"Brewer						"
"Brooklin					"
"Brunswick					"
"Bucksport					"
"Calais						"
"Camden						"
"Caribou						"
"Ellsworth					"
"Farmington					"
"Freeport					"
"Gardiner					"
"Houlton						"
"Kennebunk					"
"Kingfield					"
"Kittery						"
"Lewiston					"
"Lisbon Falls				"
"Millinocket					"
"Newry						"
"Old Orchard Beach			"
"Old Town					"
"Orono						"
"Portland					"
"Presque Isle				"
"Rockland					"
"Rumford						"
"Saco						"
"Sanford						"
"Scarborough					"
"Skowhegan					"
"South Portland				"
"Topsham						"
"Waterville					"
"Westbrook					"
