"Aberdeen						"
"Abingdon						"
"Accokeek						"
"Annapolis						"
"Annapolis Junction				"
"Arnold							"
"Baltimore						"
"Bel Air							"
"Belcamp							"
"Beltsville						"
"Bethesda						"
"Bladensburg						"
"Bowie							"
"Braddock Heights				"
"Brunswick						"
"Burtonsville					"
"California						"
"Cambridge						"
"Camp Springs					"
"Capitol Heights					"
"Catonsville						"
"Chestertown						"
"Cheverly						"
"Chevy Chase						"
"Clinton							"
"Cockeysville					"
"Colesville						"
"College Park					"
"Columbia						"
"Crisfield						"
"Crofton							"
"Cumberland						"
"Damascus						"
"Deale							"
"District Heights				"
"Easton							"
"Edgewood						"
"Elkridge						"
"Elkton							"
"Ellicott City					"
"Emmitsburg						"
"Fallston						"
"Frederick						"
"Frostburg						"
"Gaithersburg					"
"Garrison						"
"Germantown						"
"Glen Burnie						"
"Glenn Dale						"
"Grantsville						"
"Grasonville						"
"Greenbelt						"
"Hagerstown						"
"Hancock							"
"Hanover							"
"Havre de Grace					"
"Hunt Valley						"
"Hyattsville						"
"Jessup							"
"Joppa							"
"La Plata						"
"Landover						"
"Landover Hills					"
"Langley Park					"
"Lanham							"
"Laurel							"
"Lavale							"
"Lexington Park					"
"Linthicum Heights				"
"McHenry							"
"Mount Airy						"
"Mount Rainier					"
"New Carrollton					"
"North East						"
"Ocean City						"
"Odenton							"
"Olney							"
"Owings Mills					"
"Oxon Hill						"
"Pasadena						"
"Perry Hall						"
"Perryville						"
"Pikesville						"
"Pocomoke City					"
"Poolesville						"
"Potomac							"
"Prince Frederick				"
"Princess Anne					"
"Randallstown					"
"Reisterstown					"
"Riverdale						"
"Rockville						"
"Saint Michaels					"
"Salisbury						"
"Severn							"
"Severna Park					"
"Shady Side						"
"Silver Spring					"
"Solomons						"
"Stevensville					"
"Takoma Park						"
"Taneytown						"
"Temple Hills					"
"Thurmont						"
"Timonium						"
"Towson							"
"Waldorf							"
"Walkersville					"
"Westminster						"
"White Marsh						"
"Williamsport					"
