"Adrian							"
"Albion							"
"Algonac							"
"Allegan							"
"Allen Park						"
"Allendale						"
"Alma							"
"Alpena							"
"Ann Arbor						"
"Auburn Hills					"
"Battle Creek					"
"Bay City						"
"Belding							"
"Benton Harbor					"
"Berkley							"
"Big Rapids						"
"Birmingham						"
"Bloomfield Hills				"
"Bridgeport						"
"Brighton						"
"Buchanan						"
"Burton							"
"Cadillac						"
"Caro							"
"Carrollton						"
"Center Line						"
"Charlotte						"
"Cheboygan						"
"Chelsea							"
"Clawson							"
"Clinton Township				"
"Coldwater						"
"Comstock Park					"
"Davison							"
"Dearborn						"
"Dearborn Heights				"
"Detroit							"
"Dowagiac						"
"Durand							"
"East Lansing					"
"Eastpointe						"
"Eaton Rapids					"
"Ecorse							"
"Escanaba						"
"Essexville						"
"Farmington						"
"Farmington Hills				"
"Fenton							"
"Ferndale						"
"Flat Rock						"
"Flint							"
"Flushing						"
"Frankenmuth						"
"Fraser							"
"Fremont							"
"Garden City						"
"Gladstone						"
"Grand Blanc						"
"Grand Haven						"
"Grand Ledge						"
"Grand Rapids					"
"Grandville						"
"Greenville						"
"Grosse Pointe Park				"
"Grosse Pointe Woods				"
"Hancock							"
"Harper Woods					"
"Haslett							"
"Hastings						"
"Hazel Park						"
"Hillsdale						"
"Holland							"
"Holly							"
"Holt							"
"Houghton						"
"Howell							"
"Hudsonville						"
"Huntington Woods				"
"Inkster							"
"Ionia							"
"Iron Mountain					"
"Ironwood						"
"Ishpeming						"
"Jackson							"
"Jenison							"
"Kalamazoo						"
"Kentwood						"
"Kingsford						"
"Lambertville					"
"Lansing							"
"Lapeer							"
"Lincoln Park					"
"Livonia							"
"Lowell							"
"Ludington						"
"Madison Heights					"
"Manistee						"
"Marine City						"
"Marquette						"
"Marshall						"
"Marysville						"
"Mason							"
"Melvindale						"
"Menominee						"
"Michigan Center					"
"Midland							"
"Milan							"
"Milford							"
"Monroe							"
"Mount Clemens					"
"Mount Pleasant					"
"Muskegon						"
"Muskegon Heights				"
"Negaunee						"
"New Baltimore					"
"Niles							"
"Northville						"
"Norton Shores					"
"Novi							"
"Oak Park						"
"Okemos							"
"Otsego							"
"Owosso							"
"Petoskey						"
"Plainwell						"
"Plymouth						"
"Pontiac							"
"Port Huron						"
"Portage							"
"Portland						"
"Richmond						"
"River Rouge						"
"Rochester						"
"Rochester Hills					"
"Romulus							"
"Roseville						"
"Royal Oak						"
"Saginaw							"
"Saint Johns						"
"Saint Joseph					"
"Saint Louis						"
"Saline							"
"Sault Sainte Marie				"
"South Haven						"
"South Lyon						"
"Southfield						"
"Southgate						"
"Sparta							"
"Sterling Heights				"
"Sturgis							"
"Swartz Creek					"
"Taylor							"
"Tecumseh						"
"Temperance						"
"Three Rivers					"
"Traverse City					"
"Trenton							"
"Troy							"
"Utica							"
"Walled Lake						"
"Warren							"
"Waterford						"
"Wayne							"
"Westland						"
"Wixom							"
"Wyandotte						"
"Wyoming							"
"Ypsilanti						"
"Zeeland							"
