"Arnold					"
"Aurora					"
"Ballwin					"
"Barnhart				"
"Belton					"
"Berkeley				"
"Bethany					"
"Blue Springs			"
"Bolivar					"
"Bonne Terre				"
"Boonville				"
"Bowling Green			"
"Branson					"
"Branson West			"
"Bridgeton				"
"Brookfield				"
"Buffalo					"
"Butler					"
"Cabool					"
"Camdenton				"
"Cameron					"
"Canton					"
"Cape Girardeau			"
"Carl Junction			"
"Carrollton				"
"Carthage				"
"Caruthersville			"
"Cassville				"
"Charleston				"
"Chesterfield			"
"Chillicothe				"
"Clayton					"
"Clinton					"
"Columbia				"
"Concordia				"
"Crestwood				"
"Creve Coeur				"
"Crystal City			"
"Cuba					"
"Dexter					"
"Doniphan				"
"El Dorado Springs		"
"Eldon					"
"Eureka					"
"Excelsior Springs		"
"Farmington				"
"Fenton					"
"Festus					"
"Florissant				"
"Foristell				"
"Fredericktown			"
"Fulton					"
"Gladstone				"
"Grain Valley			"
"Grandview				"
"Hannibal				"
"Harrisonville			"
"Hayti					"
"Hazelwood				"
"Higginsville			"
"High Ridge				"
"Holts Summit			"
"Imperial				"
"Independence			"
"Jackson					"
"Jefferson City			"
"Joplin					"
"Kansas City				"
"Kearney					"
"Kennett					"
"King City				"
"Kirksville				"
"Kirkwood				"
"Lake Ozark				"
"Lake Saint Louis		"
"Lamar					"
"Lebanon					"
"Lees Summit				"
"Lexington				"
"Liberty					"
"Louisiana				"
"Macon					"
"Malden					"
"Manchester				"
"Marshall				"
"Marshfield				"
"Marston					"
"Maryland Heights		"
"Maryville				"
"Mexico					"
"Moberly					"
"Monett					"
"Mound City				"
"Mount Vernon			"
"Mountain Grove			"
"Neosho					"
"Nevada					"
"New Florence			"
"Nixa					"
"North Kansas City		"
"O'Fallon				"
"Oak Grove				"
"Osage Beach				"
"Ozark					"
"Pacific					"
"Pagedale				"
"Peculiar				"
"Perryville				"
"Pevely					"
"Platte City				"
"Pleasant Hill			"
"Poplar Bluff			"
"Potosi					"
"Raymore					"
"Raytown					"
"Republic				"
"Richmond				"
"Riverside				"
"Rock Port				"
"Rolla					"
"Saint Ann				"
"Saint Charles			"
"Saint Clair				"
"Saint James				"
"Saint Joseph			"
"Saint Louis				"
"Saint Peters			"
"Saint Robert			"
"Sainte Genevieve		"
"Salem					"
"Savannah				"
"Scott City				"
"Sedalia					"
"Seymour					"
"Sikeston				"
"Smithville				"
"Spanish Lake			"
"Springfield				"
"Strafford				"
"Sugar Creek				"
"Sullivan				"
"Sunset Hills			"
"Sweet Springs			"
"Thayer					"
"Trenton					"
"Troy					"
"Union					"
"Valley Park				"
"Warrensburg				"
"Warrenton				"
"Warsaw					"
"Washington				"
"Waynesville				"
"Webb City				"
"Wentzville				"
"West Plains				"
