"Anaconda						"
"Belgrade						"
"Big Sky							"
"Big Timber						"
"Billings						"
"Bozeman							"
"Butte							"
"Colstrip						"
"Columbia Falls					"
"Columbus						"
"Condon							"
"Conrad							"
"Cut Bank						"
"Darby							"
"Deer Lodge						"
"Dillon							"
"Ennis							"
"Forsyth							"
"Gardiner						"
"Glasgow							"
"Glendive						"
"Great Falls						"
"Hamilton						"
"Hardin							"
"Havre							"
"Helena							"
"Kalispell						"
"Laurel							"
"Lewistown						"
"Livingston						"
"Lolo							"
"Miles City						"
"Missoula						"
"Montana City					"
"Polson							"
"Red Lodge						"
"Roundup							"
"Saint Regis						"
"Shelby							"
"Sidney							"
"West Yellowstone				"
"White Sulphur Springs			"
"Whitefish						"
"Whitehall			"
