"Absecon						"
"Allendale					"
"Asbury Park					"
"Atlantic City				"
"Atlantic Highlands			"
"Audubon						"
"Avenel						"
"Barrington					"
"Bayonne						"
"Beachwood					"
"Belleville					"
"Bellmawr					"
"Belmar						"
"Bergenfield					"
"Berkeley Heights			"
"Berlin						"
"Bernardsville				"
"Blackwood					"
"Bloomfield					"
"Bloomingdale				"
"Bogota						"
"Boonton						"
"Bordentown					"
"Bound Brook					"
"Bradley Beach				"
"Bricktown					"
"Bridgeton					"
"Brielle							"
"Brigantine						"
"Budd Lake						"
"Buena							"
"Burlington						"
"Butler							"
"Caldwell						"
"Camden							"
"Cape May						"
"Carlstadt						"
"Carneys Point					"
"Carteret						"
"Cedar Grove						"
"Chatham							"
"Cherry Hill						"
"Cinnaminson						"
"Clark							"
"Clayton							"
"Clementon						"
"Cliffside Park					"
"Clifton							"
"Closter							"
"Collingswood					"
"Colonia							"
"Cranford						"
"Cresskill						"
"Dayton							"
"Demarest						"
"Denville						"
"Dover							"
"Dumont							"
"Dunellen						"
"East Brunswick					"
"East Orange						"
"East Rutherford					"
"Eatontown						"
"Edgewater						"
"Edison							"
"Egg Harbor City					"
"Elizabeth						"
"Elmwood Park					"
"Emerson							"
"Englewood						"
"Englewood Cliffs				"
"Fair Haven						"
"Fair Lawn						"
"Fairview						"
"Fanwood							"
"Flemington						"
"Florham Park					"
"Fords							"
"Forked River					"
"Fort Lee						"
"Franklin						"
"Franklin Lakes					"
"Freehold						"
"Garfield						"
"Garwood							"
"Glassboro						"
"Glen Ridge						"
"Glen Rock						"
"Glendora						"
"Gloucester City					"
"Hackensack						"
"Hackettstown					"
"Haddon Heights					"
"Haddonfield						"
"Haledon							"
"Hamilton						"
"Hammonton						"
"Harrington Park					"
"Harrison						"
"Hasbrouck Heights				"
"Hawthorne						"
"Hazlet							"
"Highland Park					"
"Highlands						"
"Hightstown						"
"Hillsborough					"
"Hillsdale						"
"Hillside						"
"Hoboken							"
"Holmdel							"
"Hopatcong						"
"Irvington						"
"Iselin							"
"Jackson							"
"Jamesburg						"
"Jersey City						"
"Keansburg						"
"Kearny							"
"Kendall Park					"
"Kenilworth						"
"Keyport							"
"Lakewood						"
"Lambertville					"
"Lawrenceville					"
"Leonia							"
"Lincoln Park					"
"Lincroft						"
"Linden							"
"Linwood							"
"Little Falls					"
"Little Ferry					"
"Little Silver					"
"Livingston						"
"Lodi							"
"Long Branch						"
"Lyndhurst						"
"Madison							"
"Magnolia						"
"Manasquan						"
"Manville						"
"Maple Shade						"
"Maplewood						"
"Margate City					"
"Marlton							"
"Matawan							"
"Maywood							"
"Mendham							"
"Metuchen						"
"Middlesex						"
"Middletown						"
"Midland Park					"
"Millburn						"
"Milltown						"
"Millville						"
"Montclair						"
"Montvale						"
"Moorestown						"
"Morris Plains					"
"Morristown						"
"Mount Arlington					"
"Mount Ephraim					"
"Mount Holly						"
"Mountain Lakes					"
"Mountainside					"
"New Brunswick					"
"New Milford						"
"New Providence					"
"Newark							"
"Newton							"
"North Arlington					"
"North Bergen					"
"North Haledon					"
"Northfield						"
"Northvale						"
"Norwood							"
"Nutley							"
"Oakhurst						"
"Oakland							"
"Oaklyn							"
"Ocean City						"
"Ocean Grove						"
"Oceanport						"
"Old Bridge						"
"Oradell							"
"Orange							"
"Palisades Park					"
"Palmyra							"
"Paramus							"
"Park Ridge						"
"Passaic							"
"Paterson						"
"Paulsboro						"
"Pennsville						"
"Perth Amboy						"
"Phillipsburg					"
"Piscataway						"
"Pitman							"
"Plainfield						"
"Pleasantville					"
"Pompton Lakes					"
"Port Reading					"
"Princeton						"
"Rahway							"
"Ramsey							"
"Raritan							"
"Red Bank						"
"Ridgefield						"
"Ridgefield Park					"
"Ridgewood						"
"Ringwood						"
"River Edge						"
"Riverside						"
"Rochelle Park					"
"Rockaway						"
"Roseland						"
"Roselle							"
"Roselle Park					"
"Rumson							"
"Runnemede						"
"Rutherford						"
"Saddle Brook					"
"Salem							"
"Sayreville						"
"Scotch Plains					"
"Secaucus						"
"Somerdale						"
"Somers Point					"
"Somerset						"
"Somerville						"
"South Amboy						"
"South Bound Brook				"
"South Plainfield				"
"South River						"
"Spotswood						"
"Spring Lake						"
"Springfield						"
"Stratford						"
"Summit							"
"Teaneck							"
"Tenafly							"
"Toms River						"
"Totowa							"
"Trenton							"
"Union							"
"Union City						"
"Vernon							"
"Verona							"
"Villas							"
"Vineland						"
"Waldwick						"
"Wallington						"
"Wanaque							"
"Washington						"
"Wayne							"
"West Caldwell					"
"West Long Branch				"
"West Milford					"
"West New York					"
"West Orange						"
"Westfield						"
"Westville						"
"Westwood						"
"Wharton							"
"Wildwood						"
"Williamstown					"
"Willingboro						"
"Woodbridge						"
"Woodbury						"
"Wrightstown						"
"Wyckoff							"
