"Ahoskie							"
"Albemarle						"
"Apex							"
"Asheboro						"
"Asheville						"
"Ayden							"
"Bath							"
"Beaufort						"
"Belmont							"
"Bessemer City					"
"Black Mountain					"
"Boone							"
"Brevard							"
"Burlington						"
"Butner							"
"Carrboro						"
"Cary							"
"Chapel Hill						"
"Charlotte						"
"Cherryville						"
"China Grove						"
"Clayton							"
"Clemmons						"
"Clinton							"
"Concord							"
"Conover							"
"Cornelius						"
"Cullowhee						"
"Davidson						"
"Dunn							"
"Durham							"
"Eden							"
"Edenton							"
"Elizabeth City					"
"Elkin							"
"Elon College					"
"Erwin							"
"Farmville						"
"Fayetteville					"
"Forest City						"
"Fuquay-Varina					"
"Garner							"
"Gastonia						"
"Gibsonville						"
"Goldsboro						"
"Graham							"
"Greensboro						"
"Greenville						"
"Hamlet							"
"Havelock						"
"Henderson						"
"Hendersonville					"
"Hickory							"
"High Point						"
"Hillsborough					"
"Holly Springs					"
"Hope Mills						"
"Huntersville					"
"Indian Trail					"
"Jacksonville					"
"Kannapolis						"
"Kernersville					"
"Kill Devil Hills				"
"King							"
"Kings Mountain					"
"Kinston							"
"Knightdale						"
"Laurinburg						"
"Lenoir							"
"Lewisville						"
"Lexington						"
"Lincolnton						"
"Lumberton						"
"Marion							"
"Matthews						"
"Mebane							"
"Monroe							"
"Mooresville						"
"Morehead City					"
"Morganton						"
"Morrisville						"
"Mount Airy						"
"Mount Holly						"
"Mount Olive						"
"New Bern						"
"Newton							"
"Oak Island						"
"Oxford							"
"Pinehurst						"
"Plymouth						"
"Raeford							"
"Raleigh							"
"Reidsville						"
"Roanoke Rapids					"
"Rockingham						"
"Rocky Mount						"
"Roxboro							"
"Salisbury						"
"Sanford							"
"Selma							"
"Shelby							"
"Siler City						"
"Smithfield						"
"Southern Pines					"
"Spindale						"
"Spring Lake						"
"Statesville						"
"Summerfield						"
"Tarboro							"
"Thomasville						"
"Trinity							"
"Valdese							"
"Wake Forest						"
"Washington						"
"Waynesville						"
"Weddington						"
"Whiteville						"
"Williamston						"
"Wilmington						"
"Wilson							"
"Winston-Salem					"
"Winterville						"
"Zebulon							"
