"Ada								"
"Afton							"
"Altus							"
"Alva							"
"Anadarko						"
"Ardmore							"
"Atoka							"
"Bartlesville					"
"Bethany							"
"Bixby							"
"Blackwell						"
"Bristow							"
"Broken Arrow					"
"Broken Bow						"
"Catoosa							"
"Chandler						"
"Checotah						"
"Chickasha						"
"Choctaw							"
"Claremore						"
"Clinton							"
"Coweta							"
"Cushing							"
"Del City						"
"Duncan							"
"Durant							"
"Edmond							"
"El Reno							"
"Elk City						"
"Enid							"
"Erick							"
"Fort Gibson						"
"Frederick						"
"Glenpool						"
"Grove							"
"Guthrie							"
"Guymon							"
"Harrah							"
"Henryetta						"
"Hinton							"
"Hobart							"
"Holdenville						"
"Hugo							"
"Idabel							"
"Jenks							"
"Kingfisher						"
"Lawton							"
"Locust Grove					"
"Lone Grove						"
"Marlow							"
"McAlester						"
"Miami							"
"Midwest City					"
"Moore							"
"Muskogee						"
"Mustang							"
"Newcastle						"
"Noble							"
"Norman							"
"Oklahoma City					"
"Okmulgee						"
"Owasso							"
"Pauls Valley					"
"Perry							"
"Ponca City						"
"Poteau							"
"Pryor							"
"Purcell							"
"Roland							"
"Sallisaw						"
"Sand Springs					"
"Sapulpa							"
"Savanna							"
"Seminole						"
"Shawnee							"
"Skiatook						"
"Spencer							"
"Stillwater						"
"Stilwell						"
"Stroud							"
"Sulphur							"
"Tahlequah						"
"Tecumseh						"
"Tulsa							"
"Vinita							"
"Wagoner							"
"Weatherford						"
"Webbers Falls					"
"Woodward						"
"Yukon							"
