"Akron							"
"Aliquippa						"
"Allentown						"
"Altoona							"
"Ambler							"
"Ambridge						"
"Annville						"
"Archbald						"
"Audubon							"
"Baden							"
"Bangor							"
"Beaver							"
"Beaver Falls					"
"Bellefonte						"
"Berwick							"
"Bethel Park						"
"Bethlehem						"
"Birdsboro						"
"Bloomsburg						"
"Blue Bell						"
"Braddock						"
"Bradford						"
"Bridgeport						"
"Bridgeville						"
"Bristol							"
"Brookhaven						"
"Brookville						"
"Broomall						"
"Butler							"
"California						"
"Camp Hill						"
"Canonsburg						"
"Carbondale						"
"Carlisle						"
"Carnegie						"
"Catasauqua						"
"Chambersburg					"
"Charleroi						"
"Chester							"
"Clairton						"
"Clarion							"
"Clarks Summit					"
"Clearfield						"
"Clifton Heights					"
"Coatesville						"
"Collegeville					"
"Columbia						"
"Connellsville					"
"Conshohocken					"
"Coraopolis						"
"Corry							"
"Croydon							"
"Dallastown						"
"Danville						"
"Darby							"
"Dickson City					"
"Donora							"
"Downingtown						"
"Doylestown						"
"Drexel Hill						"
"Dunmore							"
"Duquesne						"
"Duryea							"
"East Petersburg					"
"East Stroudsburg				"
"Easton							"
"Edinboro						"
"Effort							"
"Elizabethtown					"
"Ellwood City					"
"Emmaus							"
"Enola							"
"Ephrata							"
"Erie							"
"Fairless Hills					"
"Farrell							"
"Flourtown						"
"Folcroft						"
"Folsom							"
"Frackville						"
"Franklin						"
"Gettysburg						"
"Gilbertsville					"
"Glassport						"
"Glenolden						"
"Glenside						"
"Greensburg						"
"Greenville						"
"Grove City						"
"Hamburg							"
"Hanover							"
"Harleysville					"
"Harrisburg						"
"Hatboro							"
"Hazleton						"
"Hellertown						"
"Hermitage						"
"Hershey							"
"Hollidaysburg					"
"Homestead						"
"Honesdale						"
"Horsham							"
"Hummelstown						"
"Huntingdon						"
"Indiana							"
"Jeannette						"
"Jefferson						"
"Jenkintown						"
"Jersey Shore					"
"Jessup							"
"Jim Thorpe						"
"Johnstown						"
"Kane							"
"Kennett Square					"
"King Of Prussia					"
"Kingston						"
"Kittanning						"
"Kulpsville						"
"Kutztown						"
"Lancaster						"
"Lansdale						"
"Lansdowne						"
"Lansford						"
"Latrobe							"
"Lebanon							"
"Lehighton						"
"Lemoyne							"
"Levittown						"
"Lewisburg						"
"Lewistown						"
"Lititz							"
"Lock Haven						"
"Mahanoy City					"
"Manheim							"
"McKees Rocks					"
"McKeesport						"
"Meadville						"
"Mechanicsburg					"
"Media							"
"Middletown						"
"Millersville					"
"Milton							"
"Minersville						"
"Monaca							"
"Monessen						"
"Monongahela						"
"Monroeville						"
"Montgomeryville					"
"Montoursville					"
"Moosic							"
"Mount Carmel					"
"Mount Joy						"
"Mount Pleasant					"
"Murrysville						"
"Nanticoke						"
"Narberth						"
"Nazareth						"
"New Brighton					"
"New Castle						"
"New Cumberland					"
"New Holland						"
"New Kensington					"
"Norristown						"
"North East						"
"North Wales						"
"Northampton						"
"Norwood							"
"Oakmont							"
"Oil City						"
"Old Forge						"
"Olyphant						"
"Oreland							"
"Palmerton						"
"Palmyra							"
"Paoli							"
"Perkasie						"
"Philadelphia					"
"Phoenixville					"
"Pittsburgh						"
"Pittston						"
"Plymouth						"
"Plymouth Meeting				"
"Pottstown						"
"Pottsville						"
"Prospect Park					"
"Punxsutawney					"
"Quakertown						"
"Radnor							"
"Reading							"
"Red Lion						"
"Richboro						"
"Ridgway							"
"Ridley Park						"
"Rochester						"
"Royersford						"
"Saint Marys						"
"Sayre							"
"Schuylkill Haven				"
"Scottdale						"
"Scranton						"
"Selinsgrove						"
"Sellersville					"
"Sewickley						"
"Shamokin						"
"Sharon							"
"Sharon Hill						"
"Sharpsville						"
"Shenandoah						"
"Shillington						"
"Shippensburg					"
"Slatington						"
"Slippery Rock					"
"Somerset						"
"Souderton						"
"Springdale						"
"Springfield						"
"State College					"
"Steelton						"
"Stroudsburg						"
"Sunbury							"
"Swarthmore						"
"Tamaqua							"
"Tarentum						"
"Taylor							"
"Telford							"
"Titusville						"
"Turtle Creek					"
"Tyrone							"
"Uniontown						"
"Vandergrift						"
"Warren							"
"Washington						"
"Waynesboro						"
"Waynesburg						"
"West Chester					"
"West Mifflin					"
"West Pittston					"
"West Reading					"
"White Oak						"
"Whitehall						"
"Wilkes-Barre					"
"Williamsport					"
"Willow Grove					"
"Willow Street					"
"Windber							"
"Woodlyn							"
"Wyomissing						"
"York							"
"Zelienople						"
