"Abbeville					"
"Aiken						"
"Allendale					"
"Anderson					"
"Bamberg						"
"Barnwell					"
"Batesburg					"
"Beaufort					"
"Belton						"
"Bennettsville				"
"Bishopville					"
"Bluffton					"
"Blythewood					"
"Camden						"
"Cayce						"
"Charleston					"
"Cheraw						"
"Chester						"
"Clearwater					"
"Clemson						"
"Clinton						"
"Clover						"
"Columbia					"
"Conway						"
"Darlington					"
"Dillon						"
"Duncan						"
"Easley						"
"Edisto Island				"
"Florence					"
"Folly Beach					"
"Fort Mill					"
"Fountain Inn				"
"Gaffney						"
"Garden City					"
"Georgetown					"
"Goose Creek					"
"Greenville					"
"Greenwood					"
"Greer						"
"Hampton						"
"Hanahan						"
"Hardeeville					"
"Hartsville					"
"Hilton Head Island			"
"Honea Path					"
"Irmo						"
"Isle of Palms				"
"Kiawah Island				"
"Kingstree					"
"Ladson						"
"Lake City					"
"Lancaster					"
"Laurens						"
"Lexington					"
"Little River				"
"Lugoff						"
"Manning						"
"Marion						"
"Mauldin						"
"Moncks Corner				"
"Mount Pleasant				"
"Mullins						"
"Murrell's Inlet				"
"Myrtle Beach				"
"Newberry					"
"North Augusta				"
"North Charleston			"
"North Myrtle Beach			"
"Orangeburg					"
"Pageland					"
"Pawleys Island				"
"Pendleton					"
"Pickens						"
"Piedmont					"
"Port Royal					"
"Richburg					"
"Ridgeland					"
"Ridgeway					"
"Rock Hill					"
"Saint George				"
"Saint Stephen's				"
"Santee						"
"Seneca						"
"Simpsonville				"
"Spartanburg					"
"Summerton					"
"Summerville					"
"Sumter						"
"Surfside Beach				"
"Taylors						"
"Timmonsville				"
"Travelers Rest				"
"Turbeville					"
"Union						"
"Walhalla					"
"Walterboro					"
"West Columbia				"
"Westminster					"
"Williamston					"
"Winnsboro					"
"Woodruff					"
"Yemassee					"
"York						"
