"Abilene						"
"Addison						"
"Alamo						"
"Alice						"
"Allen						"
"Alpine						"
"Alvin						"
"Amarillo					"
"Andrews						"
"Angleton					"
"Anthony						"
"Aransas Pass				"
"Arlington					"
"Athens						"
"Atlanta						"
"Austin						"
"Avinger						"
"Azle						"
"Bacliff						"
"Balch Springs				"
"Ballinger					"
"Bastrop						"
"Bay City					"
"Baytown						"
"Beaumont					"
"Bedford						"
"Beeville					"
"Bellaire					"
"Belton						"
"Benbrook					"
"Big Spring					"
"Bishop						"
"Boerne						"
"Bonham						"
"Borger						"
"Bowie						"
"Brady						"
"Breckenridge				"
"Brenham						"
"Bridge City					"
"Brownfield					"
"Brownsville					"
"Brownwood					"
"Bryan						"
"Buda						"
"Buffalo						"
"Burkburnett					"
"Burleson					"
"Burnet						"
"Cameron						"
"Canton						"
"Canutillo					"
"Canyon						"
"Carrizo Springs				"
"Carrollton					"
"Carthage					"
"Cedar Hill					"
"Cedar Park					"
"Center						"
"Centerville					"
"Channelview					"
"Childress					"
"Cisco						"
"Clarksville					"
"Cleburne					"
"Cleveland					"
"Clute						"
"Coleman						"
"College Station				"
"Colleyville					"
"Colorado City				"
"Columbus					"
"Comanche					"
"Commerce					"
"Conroe						"
"Converse					"
"Coppell						"
"Copperas Cove				"
"Corpus Christi				"
"Corsicana					"
"Crockett					"
"Crowley						"
"Crystal City				"
"Cuero						"
"Dalhart						"
"Dallas						"
"Dayton						"
"Decatur						"
"Deer Park					"
"Del Rio						"
"Del Valle					"
"Denison						"
"Denton						"
"Denver City					"
"DeSoto						"
"Devine						"
"Diboll						"
"Dickinson					"
"Dimmitt						"
"Donna						"
"Dumas						"
"Duncanville					"
"Eagle Pass					"
"Eastland					"
"Edinburg					"
"Edna						"
"El Campo					"
"El Paso						"
"Elgin						"
"Elsa						"
"Ennis						"
"Euless						"
"Fabens						"
"Fairfield					"
"Falfurrias					"
"Farmers Branch				"
"Floresville					"
"Flower Mound				"
"Forest Hill					"
"Forney						"
"Fort Stockton				"
"Fort Worth					"
"Fredericksburg				"
"Freeport					"
"Friendswood					"
"Frisco						"
"Fulton						"
"Gainesville					"
"Galena Park					"
"Galveston					"
"Garland						"
"Gatesville					"
"George West					"
"Georgetown					"
"Giddings					"
"Gilmer						"
"Gladewater					"
"Glen Rose					"
"Gonzales					"
"Graham						"
"Granbury					"
"Grand Prairie				"
"Grapevine					"
"Greenville					"
"Groves						"
"Gun Barrel City				"
"Haltom City					"
"Harker Heights				"
"Harlingen					"
"Hearne						"
"Hebbronville				"
"Hemphill					"
"Henderson					"
"Hereford					"
"Hewitt						"
"Hidalgo						"
"Highlands					"
"Hillsboro					"
"Hitchcock					"
"Hondo						"
"Horseshoe Bay				"
"Houston						"
"Humble						"
"Huntsville					"
"Hurst						"
"Ingleside					"
"Iowa Park					"
"Irving						"
"Jacksonville				"
"Jasper						"
"Jefferson					"
"Joshua						"
"Junction					"
"Katy						"
"Kaufman						"
"Keene						"
"Keller						"
"Kemah						"
"Kenedy						"
"Kennedale					"
"Kermit						"
"Kerrville					"
"Kilgore						"
"Killeen						"
"Kingsville					"
"Kingwood					"
"Kountze						"
"La Feria					"
"La Grange					"
"La Marque					"
"La Porte					"
"Lacy Lakeview				"
"Lago Vista					"
"Lake Jackson				"
"Lamesa						"
"Lampasas					"
"Lancaster					"
"Laredo						"
"League City					"
"Leander						"
"Levelland					"
"Lewisville					"
"Liberty						"
"Lindale						"
"Littlefield					"
"Livingston					"
"Llano						"
"Lockhart					"
"Longview					"
"Lubbock						"
"Lufkin						"
"Luling						"
"Lumberton					"
"Lytle						"
"Mansfield					"
"Manvel						"
"Marble Falls				"
"Marlin						"
"Marshall					"
"Mathis						"
"McAllen						"
"McGregor					"
"McKinney					"
"Mercedes					"
"Mesquite					"
"Mexia						"
"Midland						"
"Midlothian					"
"Mineola						"
"Mineral Wells				"
"Mission						"
"Missouri City				"
"Monahans					"
"Montgomery					"
"Mount Pleasant				"
"Mount Vernon				"
"Muleshoe					"
"Nacogdoches					"
"Navasota					"
"Nederland					"
"New Boston					"
"New Braunfels				"
"North Richland Hills		"
"Odem						"
"Odessa						"
"Orange						"
"Ozona						"
"Palacios					"
"Palestine					"
"Pampa						"
"Paris						"
"Pasadena					"
"Pearland					"
"Pearsall					"
"Pecos						"
"Perryton					"
"Pflugerville				"
"Pharr						"
"Pittsburg					"
"Plainview					"
"Plano						"
"Pleasanton					"
"Port Aransas				"
"Port Arthur					"
"Port Isabel					"
"Port Lavaca					"
"Port Neches					"
"Portland					"
"Post						"
"Prairie View				"
"Progreso					"
"Rancho Viejo				"
"Ranger						"
"Raymondville				"
"Red Oak						"
"Richardson					"
"Richmond					"
"Rio Grande City				"
"Roanoke						"
"Robstown					"
"Rockdale					"
"Rockport					"
"Rockwall					"
"Rosenberg					"
"Round Rock					"
"Rowlett						"
"Rusk						"
"Saginaw						"
"San Angelo					"
"San Antonio					"
"San Benito					"
"San Diego					"
"San Elizario				"
"San Juan					"
"San Marcos					"
"Sanger						"
"Santa Fe					"
"Schertz						"
"Seabrook					"
"Seagoville					"
"Sealy						"
"Seguin						"
"Seminole					"
"Shamrock					"
"Sherman						"
"Silsbee						"
"Sinton						"
"Slaton						"
"Snyder						"
"Somerville					"
"Sonora						"
"South Houston				"
"Southlake					"
"Spring						"
"Stafford					"
"Stephenville				"
"Sugar Land					"
"Sulphur Springs				"
"Sweetwater					"
"Taylor						"
"Temple						"
"Terrell						"
"Texarkana					"
"Texas City					"
"The Colony					"
"The Woodlands				"
"Three Rivers				"
"Tomball						"
"Tulia						"
"Tyler						"
"Universal City				"
"Uvalde						"
"Van Horn					"
"Vega						"
"Vernon						"
"Victoria					"
"Vidor						"
"Waco						"
"Watauga						"
"Waxahachie					"
"Weatherford					"
"Webster						"
"Weimar						"
"Weslaco						"
"West Columbia				"
"Westlake					"
"Wharton						"
"White Oak					"
"White Settlement			"
"Whitehouse					"
"Wichita Falls				"
"Willis						"
"Willow Park					"
"Wimberley					"
"Winnie						"
"Winnsboro					"
"Woodway						"
"Wylie						"
"Yoakum						"
"Zapata						"
