"Abingdon						"
"Alexandria						"
"Altavista						"
"Annandale						"
"Appomattox						"
"Arlington						"
"Ashland							"
"Atkins							"
"Baileys Crossroads				"
"Bedford							"
"Belle Haven						"
"Big Stone Gap					"
"Blacksburg						"
"Bluefield						"
"Bracey							"
"Bridgewater						"
"Bristol							"
"Buena Vista						"
"Burke							"
"Burkeville						"
"Cape Charles					"
"Carrollton						"
"Centreville						"
"Chantilly						"
"Charlottesville					"
"Chesapeake						"
"Chester							"
"Chilhowie						"
"Christiansburg					"
"Clarksville						"
"Clifton Forge					"
"Collinsville					"
"Colonial Beach					"
"Colonial Heights				"
"Covington						"
"Culpeper						"
"Dahlgren						"
"Daleville						"
"Danville						"
"Doswell							"
"Dublin							"
"Dulles							"
"Dumfries						"
"Dunn Loring						"
"Emporia							"
"Exmore							"
"Fairfax							"
"Falls Church					"
"Fancy Gap						"
"Farmville						"
"Fisherville						"
"Forest							"
"Fort Monroe						"
"Franklin						"
"Fredericksburg					"
"Front Royal						"
"Galax							"
"Glade Spring					"
"Glen Allen						"
"Gloucester Point				"
"Gordonsville					"
"Great Falls						"
"Grundy							"
"Hampton							"
"Harrisonburg					"
"Herndon							"
"Highland Springs				"
"Hillsville						"
"Hopewell						"
"Hot Springs						"
"Irvington						"
"Keswick							"
"Kilmarnock						"
"King George						"
"La Crosse						"
"Lebanon							"
"Leesburg						"
"Lexington						"
"Lorton							"
"Luray							"
"Lynchburg						"
"Madison Heights					"
"Manassas						"
"Marion							"
"Martinsville					"
"Max Meadows						"
"McLean							"
"Mechanicsville					"
"Merrifield						"
"Middletown						"
"Midlothian						"
"Mount Jackson					"
"Mount Vernon					"
"Nassawadox						"
"Natural Bridge					"
"New Market						"
"Newington						"
"Newport News					"
"Norfolk							"
"Norton							"
"Oakton							"
"Onley							"
"Orange							"
"Petersburg						"
"Poquoson						"
"Portsmouth						"
"Prince George					"
"Pulaski							"
"Radford							"
"Raphine							"
"Reston							"
"Richlands						"
"Richmond						"
"Ridgeway						"
"Roanoke							"
"Rocky Mount						"
"Rosslyn							"
"Ruther Glen						"
"Salem							"
"Sandston						"
"Smithfield						"
"South Boston					"
"South Hill						"
"Springfield						"
"Stafford						"
"Staunton						"
"Stephens City					"
"Sterling						"
"Stony Creek						"
"Strasburg						"
"Stuarts Draft					"
"Suffolk							"
"Tappahannock					"
"Tazewell						"
"Thornburg						"
"Triangle						"
"Troutville						"
"Tysons Corner					"
"Verona							"
"Vienna							"
"Vinton							"
"Virginia Beach					"
"Warrenton						"
"Warsaw							"
"Waynesboro						"
"White Post						"
"Williamsburg					"
"Winchester						"
"Wintergreen						"
"Wise							"
"Woodbridge						"
"Woodstock						"
"Wytheville						"
"Yorktown						"
