"Beaver							"
"Beckley							"
"Berkeley Springs				"
"Bluefield						"
"Bridgeport						"
"Buckhannon						"
"Chapmanville					"
"Charles Town					"
"Charleston						"
"Clarksburg						"
"Cross Lanes						"
"Daniels							"
"Dunbar							"
"Elkins							"
"Elkview							"
"Fairmont						"
"Falling Waters					"
"Fayetteville					"
"Follansbee						"
"Ghent							"
"Grafton							"
"Hinton							"
"Huntington						"
"Hurricane						"
"Kenova							"
"Keyser							"
"Kingwood						"
"Lewisburg						"
"Madison							"
"Mannington						"
"Martinsburg						"
"Mineral Wells					"
"Morgantown						"
"Moundsville						"
"Mount Hope						"
"New Martinsville				"
"Nitro							"
"Oak Hill						"
"Paden City						"
"Parkersburg						"
"Petersburg						"
"Philippi						"
"Pleasant Valley					"
"Point Pleasant					"
"Princeton						"
"Ravenswood						"
"Richwood						"
"Ripley							"
"Romney							"
"Saint Albans					"
"Salem							"
"Shepherdstown					"
"Snowshoe						"
"South Charleston				"
"Summersville					"
"Sutton							"
"Teays							"
"Triadelphia						"
"Vienna							"
"Weirton							"
"Welch							"
"Wellsburg						"
"Weston							"
"Westover						"
"Wheeling						"
"Williamson						"
