"Abbotsford					"
"Adams						"
"Altoona						"
"Antigo						"
"Appleton					"
"Ashland						"
"Baldwin						"
"Baraboo						"
"Beaver Dam					"
"Belgium						"
"Beloit						"
"Berlin						"
"Black River Falls			"
"Boscobel					"
"Brookfield					"
"Brown Deer					"
"Burlington					"
"Cedarburg					"
"Chetek						"
"Chippewa Falls				"
"Clintonville				"
"Columbus					"
"Cudahy						"
"De Pere						"
"Deforest					"
"Delafield					"
"Delavan						"
"Dodgeville					"
"Eagle River					"
"East Troy					"
"Eau Claire					"
"Edgerton					"
"Egg Harbor					"
"Elkhorn						"
"Elm Grove					"
"Fond Du Lac					"
"Fort Atkinson				"
"Franklin					"
"Germantown					"
"Glendale					"
"Grafton						"
"Green Bay					"
"Green Lake					"
"Greendale					"
"Greenfield					"
"Hales Corners				"
"Hartford					"
"Hartland					"
"Hayward						"
"Holcombe					"
"Horicon						"
"Hudson						"
"Hurley						"
"Jackson						"
"Janesville					"
"Jefferson					"
"Johnson Creek				"
"Kaukauna					"
"Kenosha						"
"Kewaunee					"
"Kimberly					"
"La Crosse					"
"Ladysmith					"
"Lake Delton					"
"Lake Geneva					"
"Lake Mills					"
"Lancaster					"
"Little Chute				"
"Lomira						"
"Madison						"
"Manitowoc					"
"Marinette					"
"Marshfield					"
"Mauston						"
"Mayville					"
"McFarland					"
"Medford						"
"Menasha						"
"Menomonee Falls				"
"Menomonie					"
"Mequon						"
"Merrill						"
"Middleton					"
"Milton						"
"Milwaukee					"
"Mineral Point				"
"Minocqua					"
"Monona						"
"Monroe						"
"Mosinee						"
"Mount Horeb					"
"Mukwonago					"
"Muskego						"
"Neenah						"
"New Berlin					"
"New Lisbon					"
"New London					"
"New Richmond				"
"Oak Creek					"
"Oconomowoc					"
"Oconto						"
"Onalaska					"
"Oregon						"
"Oshkosh						"
"Pewaukee					"
"Phillips					"
"Platteville					"
"Pleasant Prairie			"
"Plover						"
"Plymouth					"
"Port Washington				"
"Portage						"
"Prairie du Chien			"
"Racine						"
"Reedsburg					"
"Rhinelander					"
"Rice Lake					"
"Richland Center				"
"Ripon						"
"River Falls					"
"Saint Francis				"
"Saukville					"
"Schofield					"
"Shawano						"
"Sheboygan					"
"Sheboygan Falls				"
"Siren						"
"South Milwaukee				"
"Sparta						"
"Spooner						"
"Stanley						"
"Stevens Point				"
"Stoughton					"
"Sturgeon Bay				"
"Sturtevant					"
"Sun Prairie					"
"Superior					"
"Sussex						"
"Thorp						"
"Tomah						"
"Tomahawk					"
"Turtle Lake					"
"Twin Lakes					"
"Two Rivers					"
"Union Grove					"
"Verona						"
"Viroqua						"
"Washburn					"
"Waterford					"
"Watertown					"
"Waukesha					"
"Waunakee					"
"Waupaca						"
"Waupun						"
"Wausau						"
"Wautoma						"
"Wauwatosa					"
"West Allis					"
"West Baraboo				"
"West Bend					"
"West Salem					"
"Whitewater					"
"Windsor						"
"Wisconsin Dells				"
"Wisconsin Rapids			"
"Wittenberg					"
